Group,People,Members,Segment,Roles,Mappings
GHO_COSEC_GUTHRIE_APR_HIGHLY_CONFIDENTIAL,0,,Group Head Office,Approver — Highly Confidential cleared; Delete pending files; Delete approved documents; Share approved documents; Uploader — Highly Confidential cleared; Delete pending files — Highly Confidential cleared; Delete approved documents — Highly Confidential cleared; Share approved documents — Highly Confidential cleared,8
GHO_COSEC_SDGI_APR_HIGHLY_CONFIDENTIAL,0,,Group Head Office,Approver — Highly Confidential cleared; Delete pending files; Delete approved documents; Share approved documents; Uploader — Highly Confidential cleared; Delete pending files — Highly Confidential cleared; Delete approved documents — Highly Confidential cleared; Share approved documents — Highly Confidential cleared,8
GHO_GCA_EG_APR_HIGHLY_CONFIDENTIAL,0,,Group Head Office,Approver — Highly Confidential cleared; Delete pending files; Delete approved documents; Share approved documents; Uploader — Highly Confidential cleared; Delete pending files — Highly Confidential cleared; Delete approved documents — Highly Confidential cleared; Share approved documents — Highly Confidential cleared,8
GHO_GCA_GC_BRANDCOMMS_APR_HIGHLY_CONFIDENTIAL,0,,Group Head Office,Approver — Highly Confidential cleared; Delete pending files; Delete approved documents; Share approved documents; Uploader — Highly Confidential cleared; Delete pending files — Highly Confidential cleared; Delete approved documents — Highly Confidential cleared; Share approved documents — Highly Confidential cleared,8
GHO_GCA_GC_EP_APR_HIGHLY_CONFIDENTIAL,0,,Group Head Office,Approver — Highly Confidential cleared; Delete pending files; Delete approved documents; Share approved documents; Uploader — Highly Confidential cleared; Delete pending files — Highly Confidential cleared; Delete approved documents — Highly Confidential cleared; Share approved documents — Highly Confidential cleared,8
GHO_GCA_GC_STRATCOMMS_APR_HIGHLY_CONFIDENTIAL,0,,Group Head Office,Approver — Highly Confidential cleared; Delete pending files; Delete approved documents; Share approved documents; Uploader — Highly Confidential cleared; Delete pending files — Highly Confidential cleared; Delete approved documents — Highly Confidential cleared; Share approved documents — Highly Confidential cleared,8
GHO_GCA_GMB_PMB2C_APR_HIGHLY_CONFIDENTIAL,0,,Group Head Office,Approver — Highly Confidential cleared; Delete pending files; Delete approved documents; Share approved documents; Uploader — Highly Confidential cleared; Delete pending files — Highly Confidential cleared; Delete approved documents — Highly Confidential cleared; Share approved documents — Highly Confidential cleared,8
GHO_GCA_GMB_SCM_APR_HIGHLY_CONFIDENTIAL,0,,Group Head Office,Approver — Highly Confidential cleared; Delete pending files; Delete approved documents; Share approved documents; Uploader — Highly Confidential cleared; Delete pending files — Highly Confidential cleared; Delete approved documents — Highly Confidential cleared; Share approved documents — Highly Confidential cleared,8
GHO_GCA_GMB_STRATCOMMS_APR_HIGHLY_CONFIDENTIAL,0,,Group Head Office,Approver — Highly Confidential cleared; Delete pending files; Delete approved documents; Share approved documents; Uploader — Highly Confidential cleared; Delete pending files — Highly Confidential cleared; Delete approved documents — Highly Confidential cleared; Share approved documents — Highly Confidential cleared,8
GHO_GCA_GOS_ASP_APR_HIGHLY_CONFIDENTIAL,0,,Group Head Office,Approver — Highly Confidential cleared; Delete pending files; Delete approved documents; Share approved documents; Uploader — Highly Confidential cleared; Delete pending files — Highly Confidential cleared; Delete approved documents — Highly Confidential cleared; Share approved documents — Highly Confidential cleared,8
GHO_GCA_GOS_CO_APR_HIGHLY_CONFIDENTIAL,0,,Group Head Office,Approver — Highly Confidential cleared; Delete pending files; Delete approved documents; Share approved documents; Uploader — Highly Confidential cleared; Delete pending files — Highly Confidential cleared; Delete approved documents — Highly Confidential cleared; Share approved documents — Highly Confidential cleared,8
GHO_GCA_GOS_GOVTREL_APR_HIGHLY_CONFIDENTIAL,0,,Group Head Office,Approver — Highly Confidential cleared; Delete pending files; Delete approved documents; Share approved documents; Uploader — Highly Confidential cleared; Delete pending files — Highly Confidential cleared; Delete approved documents — Highly Confidential cleared; Share approved documents — Highly Confidential cleared,8
GHO_GCA_GOS_WMU_APR_HIGHLY_CONFIDENTIAL,0,,Group Head Office,Approver — Highly Confidential cleared; Delete pending files; Delete approved documents; Share approved documents; Uploader — Highly Confidential cleared; Delete pending files — Highly Confidential cleared; Delete approved documents — Highly Confidential cleared; Share approved documents — Highly Confidential cleared,8
GHO_GCA_IR_APR_HIGHLY_CONFIDENTIAL,0,,Group Head Office,Approver — Highly Confidential cleared; Delete pending files; Delete approved documents; Share approved documents; Uploader — Highly Confidential cleared; Delete pending files — Highly Confidential cleared; Delete approved documents — Highly Confidential cleared; Share approved documents — Highly Confidential cleared,8
GHO_GCA_YG_APR_HIGHLY_CONFIDENTIAL,0,,Group Head Office,Approver — Highly Confidential cleared; Delete pending files; Delete approved documents; Share approved documents; Uploader — Highly Confidential cleared; Delete pending files — Highly Confidential cleared; Delete approved documents — Highly Confidential cleared; Share approved documents — Highly Confidential cleared,8
GHO_GF_CF_APR_HIGHLY_CONFIDENTIAL,0,,Group Head Office,Approver — Highly Confidential cleared; Delete pending files; Delete approved documents; Share approved documents; Uploader — Highly Confidential cleared; Delete pending files — Highly Confidential cleared; Delete approved documents — Highly Confidential cleared; Share approved documents — Highly Confidential cleared,8
GHO_GF_CONSOL_APR_HIGHLY_CONFIDENTIAL,0,,Group Head Office,Approver — Highly Confidential cleared; Delete pending files; Delete approved documents; Share approved documents; Uploader — Highly Confidential cleared; Delete pending files — Highly Confidential cleared; Delete approved documents — Highly Confidential cleared; Share approved documents — Highly Confidential cleared,8
GHO_GF_CORU_APR_HIGHLY_CONFIDENTIAL,0,,Group Head Office,Approver — Highly Confidential cleared; Delete pending files; Delete approved documents; Share approved documents; Uploader — Highly Confidential cleared; Delete pending files — Highly Confidential cleared; Delete approved documents — Highly Confidential cleared; Share approved documents — Highly Confidential cleared,8
GHO_GF_GIT_APR_HIGHLY_CONFIDENTIAL,0,,Group Head Office,Approver — Highly Confidential cleared; Delete pending files; Delete approved documents; Share approved documents; Uploader — Highly Confidential cleared; Delete pending files — Highly Confidential cleared; Delete approved documents — Highly Confidential cleared; Share approved documents — Highly Confidential cleared,8
GHO_GF_GPROC_APR_HIGHLY_CONFIDENTIAL,0,,Group Head Office,Approver — Highly Confidential cleared; Delete pending files; Delete approved documents; Share approved documents; Uploader — Highly Confidential cleared; Delete pending files — Highly Confidential cleared; Delete approved documents — Highly Confidential cleared; Share approved documents — Highly Confidential cleared,8
GHO_GF_LAND_SDGRE_APR_HIGHLY_CONFIDENTIAL,0,,Group Head Office,Approver — Highly Confidential cleared; Delete pending files; Delete approved documents; Share approved documents; Uploader — Highly Confidential cleared; Delete pending files — Highly Confidential cleared; Delete approved documents — Highly Confidential cleared; Share approved documents — Highly Confidential cleared,8
GHO_GF_REPORTING_APR_HIGHLY_CONFIDENTIAL,0,,Group Head Office,Approver — Highly Confidential cleared; Delete pending files; Delete approved documents; Share approved documents; Uploader — Highly Confidential cleared; Delete pending files — Highly Confidential cleared; Delete approved documents — Highly Confidential cleared; Share approved documents — Highly Confidential cleared,8
GHO_GF_TAX_APR_HIGHLY_CONFIDENTIAL,0,,Group Head Office,Approver — Highly Confidential cleared; Delete pending files; Delete approved documents; Share approved documents; Uploader — Highly Confidential cleared; Delete pending files — Highly Confidential cleared; Delete approved documents — Highly Confidential cleared; Share approved documents — Highly Confidential cleared,8
GHO_GF_TREASURY_APR_HIGHLY_CONFIDENTIAL,0,,Group Head Office,Approver — Highly Confidential cleared; Delete pending files; Delete approved documents; Share approved documents; Uploader — Highly Confidential cleared; Delete pending files — Highly Confidential cleared; Delete approved documents — Highly Confidential cleared; Share approved documents — Highly Confidential cleared,8
GHO_GF_UPMY_APR_HIGHLY_CONFIDENTIAL,0,,Group Head Office,Approver — Highly Confidential cleared; Delete pending files; Delete approved documents; Share approved documents; Uploader — Highly Confidential cleared; Delete pending files — Highly Confidential cleared; Delete approved documents — Highly Confidential cleared; Share approved documents — Highly Confidential cleared,8
GHO_GHR_ANALYTICS_APR_HIGHLY_CONFIDENTIAL,0,,Group Head Office,Approver — Highly Confidential cleared; Delete pending files; Delete approved documents; Share approved documents; Uploader — Highly Confidential cleared; Delete pending files — Highly Confidential cleared; Delete approved documents — Highly Confidential cleared; Share approved documents — Highly Confidential cleared,8
GHO_GHR_GHC_APR_HIGHLY_CONFIDENTIAL,0,,Group Head Office,Approver — Highly Confidential cleared; Delete pending files; Delete approved documents; Share approved documents; Uploader — Highly Confidential cleared; Delete pending files — Highly Confidential cleared; Delete approved documents — Highly Confidential cleared; Share approved documents — Highly Confidential cleared,8
GHO_GHR_HRHO_APR_HIGHLY_CONFIDENTIAL,0,,Group Head Office,Approver — Highly Confidential cleared; Delete pending files; Delete approved documents; Share approved documents; Uploader — Highly Confidential cleared; Delete pending files — Highly Confidential cleared; Delete approved documents — Highly Confidential cleared; Share approved documents — Highly Confidential cleared,8
GHO_GHR_HROD_APR_HIGHLY_CONFIDENTIAL,0,,Group Head Office,Approver — Highly Confidential cleared; Delete pending files; Delete approved documents; Share approved documents; Uploader — Highly Confidential cleared; Delete pending files — Highly Confidential cleared; Delete approved documents — Highly Confidential cleared; Share approved documents — Highly Confidential cleared,8
GHO_GHR_IRC_APR_HIGHLY_CONFIDENTIAL,0,,Group Head Office,Approver — Highly Confidential cleared; Delete pending files; Delete approved documents; Share approved documents; Uploader — Highly Confidential cleared; Delete pending files — Highly Confidential cleared; Delete approved documents — Highly Confidential cleared; Share approved documents — Highly Confidential cleared,8
GHO_GHR_LND_APR_HIGHLY_CONFIDENTIAL,0,,Group Head Office,Approver — Highly Confidential cleared; Delete pending files; Delete approved documents; Share approved documents; Uploader — Highly Confidential cleared; Delete pending files — Highly Confidential cleared; Delete approved documents — Highly Confidential cleared; Share approved documents — Highly Confidential cleared,8
GHO_GHR_NHRIS_APR_HIGHLY_CONFIDENTIAL,0,,Group Head Office,Approver — Highly Confidential cleared; Delete pending files; Delete approved documents; Share approved documents; Uploader — Highly Confidential cleared; Delete pending files — Highly Confidential cleared; Delete approved documents — Highly Confidential cleared; Share approved documents — Highly Confidential cleared,8
GHO_GHR_OCWS_ANS_APR_HIGHLY_CONFIDENTIAL,0,,Group Head Office,Approver — Highly Confidential cleared; Delete pending files; Delete approved documents; Share approved documents; Uploader — Highly Confidential cleared; Delete pending files — Highly Confidential cleared; Delete approved documents — Highly Confidential cleared; Share approved documents — Highly Confidential cleared,8
GHO_GHR_OCWS_IFM_APR_HIGHLY_CONFIDENTIAL,0,,Group Head Office,Approver — Highly Confidential cleared; Delete pending files; Delete approved documents; Share approved documents; Uploader — Highly Confidential cleared; Delete pending files — Highly Confidential cleared; Delete approved documents — Highly Confidential cleared; Share approved documents — Highly Confidential cleared,8
GHO_GHR_OCWS_OCT_APR_HIGHLY_CONFIDENTIAL,0,,Group Head Office,Approver — Highly Confidential cleared; Delete pending files; Delete approved documents; Share approved documents; Uploader — Highly Confidential cleared; Delete pending files — Highly Confidential cleared; Delete approved documents — Highly Confidential cleared; Share approved documents — Highly Confidential cleared,8
GHO_GHR_PAYROLL_APR_HIGHLY_CONFIDENTIAL,0,,Group Head Office,Approver — Highly Confidential cleared; Delete pending files; Delete approved documents; Share approved documents; Uploader — Highly Confidential cleared; Delete pending files — Highly Confidential cleared; Delete approved documents — Highly Confidential cleared; Share approved documents — Highly Confidential cleared,8
GHO_GHR_PERFORMANCE_APR_HIGHLY_CONFIDENTIAL,0,,Group Head Office,Approver — Highly Confidential cleared; Delete pending files; Delete approved documents; Share approved documents; Uploader — Highly Confidential cleared; Delete pending files — Highly Confidential cleared; Delete approved documents — Highly Confidential cleared; Share approved documents — Highly Confidential cleared,8
GHO_GHR_REWARDS_APR_HIGHLY_CONFIDENTIAL,0,,Group Head Office,Approver — Highly Confidential cleared; Delete pending files; Delete approved documents; Share approved documents; Uploader — Highly Confidential cleared; Delete pending files — Highly Confidential cleared; Delete approved documents — Highly Confidential cleared; Share approved documents — Highly Confidential cleared,8
GHO_GHR_TA_APR_HIGHLY_CONFIDENTIAL,0,,Group Head Office,Approver — Highly Confidential cleared; Delete pending files; Delete approved documents; Share approved documents; Uploader — Highly Confidential cleared; Delete pending files — Highly Confidential cleared; Delete approved documents — Highly Confidential cleared; Share approved documents — Highly Confidential cleared,8
GHO_GHR_THECREST_APR_HIGHLY_CONFIDENTIAL,0,,Group Head Office,Approver — Highly Confidential cleared; Delete pending files; Delete approved documents; Share approved documents; Uploader — Highly Confidential cleared; Delete pending files — Highly Confidential cleared; Delete approved documents — Highly Confidential cleared; Share approved documents — Highly Confidential cleared,8
GHO_GHR_TM_APR_HIGHLY_CONFIDENTIAL,0,,Group Head Office,Approver — Highly Confidential cleared; Delete pending files; Delete approved documents; Share approved documents; Uploader — Highly Confidential cleared; Delete pending files — Highly Confidential cleared; Delete approved documents — Highly Confidential cleared; Share approved documents — Highly Confidential cleared,8
GHO_GHR_TS_APR_HIGHLY_CONFIDENTIAL,0,,Group Head Office,Approver — Highly Confidential cleared; Delete pending files; Delete approved documents; Share approved documents; Uploader — Highly Confidential cleared; Delete pending files — Highly Confidential cleared; Delete approved documents — Highly Confidential cleared; Share approved documents — Highly Confidential cleared,8
GHO_GIGA_GCAIT_ANALYTICS_APR_HIGHLY_CONFIDENTIAL,0,,Group Head Office,Approver — Highly Confidential cleared; Delete pending files; Delete approved documents; Share approved documents; Uploader — Highly Confidential cleared; Delete pending files — Highly Confidential cleared; Delete approved documents — Highly Confidential cleared; Share approved documents — Highly Confidential cleared,8
GHO_GIGA_GCA_SDGI_APR_HIGHLY_CONFIDENTIAL,0,,Group Head Office,Approver — Highly Confidential cleared; Delete pending files; Delete approved documents; Share approved documents; Uploader — Highly Confidential cleared; Delete pending files — Highly Confidential cleared; Delete approved documents — Highly Confidential cleared; Share approved documents — Highly Confidential cleared,8
GHO_GIGA_GCA_UPMY_RDHO_APR_HIGHLY_CONFIDENTIAL,0,,Group Head Office,Approver — Highly Confidential cleared; Delete pending files; Delete approved documents; Share approved documents; Uploader — Highly Confidential cleared; Delete pending files — Highly Confidential cleared; Delete approved documents — Highly Confidential cleared; Share approved documents — Highly Confidential cleared,8
GHO_GIGA_GIG_APR_HIGHLY_CONFIDENTIAL,0,,Group Head Office,Approver — Highly Confidential cleared; Delete pending files; Delete approved documents; Share approved documents; Uploader — Highly Confidential cleared; Delete pending files — Highly Confidential cleared; Delete approved documents — Highly Confidential cleared; Share approved documents — Highly Confidential cleared,8
GHO_GIGA_GRCRM_APR_HIGHLY_CONFIDENTIAL,0,,Group Head Office,Approver — Highly Confidential cleared; Delete pending files; Delete approved documents; Share approved documents; Uploader — Highly Confidential cleared; Delete pending files — Highly Confidential cleared; Delete approved documents — Highly Confidential cleared; Share approved documents — Highly Confidential cleared,8
GHO_GIGA_PM_APR_HIGHLY_CONFIDENTIAL,0,,Group Head Office,Approver — Highly Confidential cleared; Delete pending files; Delete approved documents; Share approved documents; Uploader — Highly Confidential cleared; Delete pending files — Highly Confidential cleared; Delete approved documents — Highly Confidential cleared; Share approved documents — Highly Confidential cleared,8
GHO_GLRC_GCO_APR_HIGHLY_CONFIDENTIAL,0,,Group Head Office,Approver — Highly Confidential cleared; Delete pending files; Delete approved documents; Share approved documents; Uploader — Highly Confidential cleared; Delete pending files — Highly Confidential cleared; Delete approved documents — Highly Confidential cleared; Share approved documents — Highly Confidential cleared,8
GHO_GLRC_LEGAL_APR_HIGHLY_CONFIDENTIAL,0,,Group Head Office,Approver — Highly Confidential cleared; Delete pending files; Delete approved documents; Share approved documents; Uploader — Highly Confidential cleared; Delete pending files — Highly Confidential cleared; Delete approved documents — Highly Confidential cleared; Share approved documents — Highly Confidential cleared,8
GHO_GLRC_RISK_APR_HIGHLY_CONFIDENTIAL,0,,Group Head Office,Approver — Highly Confidential cleared; Delete pending files; Delete approved documents; Share approved documents; Uploader — Highly Confidential cleared; Delete pending files — Highly Confidential cleared; Delete approved documents — Highly Confidential cleared; Share approved documents — Highly Confidential cleared,8
GHO_GS_CLIMATE_CR_APR_HIGHLY_CONFIDENTIAL,0,,Group Head Office,Approver — Highly Confidential cleared; Delete pending files; Delete approved documents; Share approved documents; Uploader — Highly Confidential cleared; Delete pending files — Highly Confidential cleared; Delete approved documents — Highly Confidential cleared; Share approved documents — Highly Confidential cleared,8
GHO_GS_CNB_APR_HIGHLY_CONFIDENTIAL,0,,Group Head Office,Approver — Highly Confidential cleared; Delete pending files; Delete approved documents; Share approved documents; Uploader — Highly Confidential cleared; Delete pending files — Highly Confidential cleared; Delete approved documents — Highly Confidential cleared; Share approved documents — Highly Confidential cleared,8
GHO_GS_GLOBALHSE_APR_HIGHLY_CONFIDENTIAL,0,,Group Head Office,Approver — Highly Confidential cleared; Delete pending files; Delete approved documents; Share approved documents; Uploader — Highly Confidential cleared; Delete pending files — Highly Confidential cleared; Delete approved documents — Highly Confidential cleared; Share approved documents — Highly Confidential cleared,8
GHO_GS_SC_APR_HIGHLY_CONFIDENTIAL,0,,Group Head Office,Approver — Highly Confidential cleared; Delete pending files; Delete approved documents; Share approved documents; Uploader — Highly Confidential cleared; Delete pending files — Highly Confidential cleared; Delete approved documents — Highly Confidential cleared; Share approved documents — Highly Confidential cleared,8
GHO_GS_SDGI HSE_APR_HIGHLY_CONFIDENTIAL,0,,Group Head Office,Approver — Highly Confidential cleared; Delete pending files; Delete approved documents; Share approved documents; Uploader — Highly Confidential cleared; Delete pending files — Highly Confidential cleared; Delete approved documents — Highly Confidential cleared; Share approved documents — Highly Confidential cleared,8
GHO_GS_SSC_APR_HIGHLY_CONFIDENTIAL,0,,Group Head Office,Approver — Highly Confidential cleared; Delete pending files; Delete approved documents; Share approved documents; Uploader — Highly Confidential cleared; Delete pending files — Highly Confidential cleared; Delete approved documents — Highly Confidential cleared; Share approved documents — Highly Confidential cleared,8
GHO_PO_SP_APR_HIGHLY_CONFIDENTIAL,0,,Group Head Office,Approver — Highly Confidential cleared; Delete pending files; Delete approved documents; Share approved documents; Uploader — Highly Confidential cleared; Delete pending files — Highly Confidential cleared; Delete approved documents — Highly Confidential cleared; Share approved documents — Highly Confidential cleared,8
GHO_PO_SPDNSTRM_APR_HIGHLY_CONFIDENTIAL,0,,Group Head Office,Approver — Highly Confidential cleared; Delete pending files; Delete approved documents; Share approved documents; Uploader — Highly Confidential cleared; Delete pending files — Highly Confidential cleared; Delete approved documents — Highly Confidential cleared; Share approved documents — Highly Confidential cleared,8
GHO_PO_SPMID_INVT_APR_HIGHLY_CONFIDENTIAL,0,,Group Head Office,Approver — Highly Confidential cleared; Delete pending files; Delete approved documents; Share approved documents; Uploader — Highly Confidential cleared; Delete pending files — Highly Confidential cleared; Delete approved documents — Highly Confidential cleared; Share approved documents — Highly Confidential cleared,8
GHO_PO_SP_MY_ID_APR_HIGHLY_CONFIDENTIAL,0,,Group Head Office,Approver — Highly Confidential cleared; Delete pending files; Delete approved documents; Share approved documents; Uploader — Highly Confidential cleared; Delete pending files — Highly Confidential cleared; Delete approved documents — Highly Confidential cleared; Share approved documents — Highly Confidential cleared,8
GHO_PO_SP_PNGSI_APR_HIGHLY_CONFIDENTIAL,0,,Group Head Office,Approver — Highly Confidential cleared; Delete pending files; Delete approved documents; Share approved documents; Uploader — Highly Confidential cleared; Delete pending files — Highly Confidential cleared; Delete approved documents — Highly Confidential cleared; Share approved documents — Highly Confidential cleared,8
GHO_PO_STRATGOV_COMMS_APR_HIGHLY_CONFIDENTIAL,0,,Group Head Office,Approver — Highly Confidential cleared; Delete pending files; Delete approved documents; Share approved documents; Uploader — Highly Confidential cleared; Delete pending files — Highly Confidential cleared; Delete approved documents — Highly Confidential cleared; Share approved documents — Highly Confidential cleared,8
MHO_CC_CSR_OPSCOMMS_APR_HIGHLY_CONFIDENTIAL,0,,Minamas Head Office,Approver — Highly Confidential cleared; Delete pending files; Delete approved documents; Share approved documents; Uploader — Highly Confidential cleared; Delete pending files — Highly Confidential cleared; Delete approved documents — Highly Confidential cleared; Share approved documents — Highly Confidential cleared,8
MHO_CC_INEXCOMMS_APR_HIGHLY_CONFIDENTIAL,0,,Minamas Head Office,Approver — Highly Confidential cleared; Delete pending files; Delete approved documents; Share approved documents; Uploader — Highly Confidential cleared; Delete pending files — Highly Confidential cleared; Delete approved documents — Highly Confidential cleared; Share approved documents — Highly Confidential cleared,8
MHO_CEOOA_EXPATF_APR_HIGHLY_CONFIDENTIAL,0,,Minamas Head Office,Approver — Highly Confidential cleared; Delete pending files; Delete approved documents; Share approved documents; Uploader — Highly Confidential cleared; Delete pending files — Highly Confidential cleared; Delete approved documents — Highly Confidential cleared; Share approved documents — Highly Confidential cleared,8
MHO_CEOOA_GABM_APR_HIGHLY_CONFIDENTIAL,0,,Minamas Head Office,Approver — Highly Confidential cleared; Delete pending files; Delete approved documents; Share approved documents; Uploader — Highly Confidential cleared; Delete pending files — Highly Confidential cleared; Delete approved documents — Highly Confidential cleared; Share approved documents — Highly Confidential cleared,8
MHO_CS_GOVTREL_APR_HIGHLY_CONFIDENTIAL,0,,Minamas Head Office,Approver — Highly Confidential cleared; Delete pending files; Delete approved documents; Share approved documents; Uploader — Highly Confidential cleared; Delete pending files — Highly Confidential cleared; Delete approved documents — Highly Confidential cleared; Share approved documents — Highly Confidential cleared,8
MHO_CS_LANDREL_APR_HIGHLY_CONFIDENTIAL,0,,Minamas Head Office,Approver — Highly Confidential cleared; Delete pending files; Delete approved documents; Share approved documents; Uploader — Highly Confidential cleared; Delete pending files — Highly Confidential cleared; Delete approved documents — Highly Confidential cleared; Share approved documents — Highly Confidential cleared,8
MHO_CS_LOS_APR_HIGHLY_CONFIDENTIAL,0,,Minamas Head Office,Approver — Highly Confidential cleared; Delete pending files; Delete approved documents; Share approved documents; Uploader — Highly Confidential cleared; Delete pending files — Highly Confidential cleared; Delete approved documents — Highly Confidential cleared; Share approved documents — Highly Confidential cleared,8
MHO_CS_MSR_APR_HIGHLY_CONFIDENTIAL,0,,Minamas Head Office,Approver — Highly Confidential cleared; Delete pending files; Delete approved documents; Share approved documents; Uploader — Highly Confidential cleared; Delete pending files — Highly Confidential cleared; Delete approved documents — Highly Confidential cleared; Share approved documents — Highly Confidential cleared,8
MHO_CS_PARTDEV_APR_HIGHLY_CONFIDENTIAL,0,,Minamas Head Office,Approver — Highly Confidential cleared; Delete pending files; Delete approved documents; Share approved documents; Uploader — Highly Confidential cleared; Delete pending files — Highly Confidential cleared; Delete approved documents — Highly Confidential cleared; Share approved documents — Highly Confidential cleared,8
MHO_GA_AM_APR_HIGHLY_CONFIDENTIAL,0,,Minamas Head Office,Approver — Highly Confidential cleared; Delete pending files; Delete approved documents; Share approved documents; Uploader — Highly Confidential cleared; Delete pending files — Highly Confidential cleared; Delete approved documents — Highly Confidential cleared; Share approved documents — Highly Confidential cleared,8
MHO_GA_GL_APR_HIGHLY_CONFIDENTIAL,0,,Minamas Head Office,Approver — Highly Confidential cleared; Delete pending files; Delete approved documents; Share approved documents; Uploader — Highly Confidential cleared; Delete pending files — Highly Confidential cleared; Delete approved documents — Highly Confidential cleared; Share approved documents — Highly Confidential cleared,8
MHO_GA_HCONSOL_APR_HIGHLY_CONFIDENTIAL,0,,Minamas Head Office,Approver — Highly Confidential cleared; Delete pending files; Delete approved documents; Share approved documents; Uploader — Highly Confidential cleared; Delete pending files — Highly Confidential cleared; Delete approved documents — Highly Confidential cleared; Share approved documents — Highly Confidential cleared,8
MHO_GA_TAX_APR_HIGHLY_CONFIDENTIAL,0,,Minamas Head Office,Approver — Highly Confidential cleared; Delete pending files; Delete approved documents; Share approved documents; Uploader — Highly Confidential cleared; Delete pending files — Highly Confidential cleared; Delete approved documents — Highly Confidential cleared; Share approved documents — Highly Confidential cleared,8
MHO_GCA_DIINVESTN_APR_HIGHLY_CONFIDENTIAL,0,,Minamas Head Office,Approver — Highly Confidential cleared; Delete pending files; Delete approved documents; Share approved documents; Uploader — Highly Confidential cleared; Delete pending files — Highly Confidential cleared; Delete approved documents — Highly Confidential cleared; Share approved documents — Highly Confidential cleared,8
MHO_GCA_EOOPS_APR_HIGHLY_CONFIDENTIAL,0,,Minamas Head Office,Approver — Highly Confidential cleared; Delete pending files; Delete approved documents; Share approved documents; Uploader — Highly Confidential cleared; Delete pending files — Highly Confidential cleared; Delete approved documents — Highly Confidential cleared; Share approved documents — Highly Confidential cleared,8
MHO_GCA_PM_APR_HIGHLY_CONFIDENTIAL,0,,Minamas Head Office,Approver — Highly Confidential cleared; Delete pending files; Delete approved documents; Share approved documents; Uploader — Highly Confidential cleared; Delete pending files — Highly Confidential cleared; Delete approved documents — Highly Confidential cleared; Share approved documents — Highly Confidential cleared,8
MHO_GCA_PMOPS_APR_HIGHLY_CONFIDENTIAL,0,,Minamas Head Office,Approver — Highly Confidential cleared; Delete pending files; Delete approved documents; Share approved documents; Uploader — Highly Confidential cleared; Delete pending files — Highly Confidential cleared; Delete approved documents — Highly Confidential cleared; Share approved documents — Highly Confidential cleared,8
MHO_GCO_GCO_APR_HIGHLY_CONFIDENTIAL,0,,Minamas Head Office,Approver — Highly Confidential cleared; Delete pending files; Delete approved documents; Share approved documents; Uploader — Highly Confidential cleared; Delete pending files — Highly Confidential cleared; Delete approved documents — Highly Confidential cleared; Share approved documents — Highly Confidential cleared,8
MHO_GIG_GIG_APR_HIGHLY_CONFIDENTIAL,0,,Minamas Head Office,Approver — Highly Confidential cleared; Delete pending files; Delete approved documents; Share approved documents; Uploader — Highly Confidential cleared; Delete pending files — Highly Confidential cleared; Delete approved documents — Highly Confidential cleared; Share approved documents — Highly Confidential cleared,8
MHO_GRM_GRM_APR_HIGHLY_CONFIDENTIAL,0,,Minamas Head Office,Approver — Highly Confidential cleared; Delete pending files; Delete approved documents; Share approved documents; Uploader — Highly Confidential cleared; Delete pending files — Highly Confidential cleared; Delete approved documents — Highly Confidential cleared; Share approved documents — Highly Confidential cleared,8
MHO_HRM_HRBP_IR_APR_HIGHLY_CONFIDENTIAL,0,,Minamas Head Office,Approver — Highly Confidential cleared; Delete pending files; Delete approved documents; Share approved documents; Uploader — Highly Confidential cleared; Delete pending files — Highly Confidential cleared; Delete approved documents — Highly Confidential cleared; Share approved documents — Highly Confidential cleared,8
MHO_HRM_HRRSP_APR_HIGHLY_CONFIDENTIAL,0,,Minamas Head Office,Approver — Highly Confidential cleared; Delete pending files; Delete approved documents; Share approved documents; Uploader — Highly Confidential cleared; Delete pending files — Highly Confidential cleared; Delete approved documents — Highly Confidential cleared; Share approved documents — Highly Confidential cleared,8
MHO_HRM_ODTM_APR_HIGHLY_CONFIDENTIAL,0,,Minamas Head Office,Approver — Highly Confidential cleared; Delete pending files; Delete approved documents; Share approved documents; Uploader — Highly Confidential cleared; Delete pending files — Highly Confidential cleared; Delete approved documents — Highly Confidential cleared; Share approved documents — Highly Confidential cleared,8
MHO_ITS_BADEV_APR_HIGHLY_CONFIDENTIAL,0,,Minamas Head Office,Approver — Highly Confidential cleared; Delete pending files; Delete approved documents; Share approved documents; Uploader — Highly Confidential cleared; Delete pending files — Highly Confidential cleared; Delete approved documents — Highly Confidential cleared; Share approved documents — Highly Confidential cleared,8
MHO_ITS_INFRA_ITS_APR_HIGHLY_CONFIDENTIAL,0,,Minamas Head Office,Approver — Highly Confidential cleared; Delete pending files; Delete approved documents; Share approved documents; Uploader — Highly Confidential cleared; Delete pending files — Highly Confidential cleared; Delete approved documents — Highly Confidential cleared; Share approved documents — Highly Confidential cleared,8
MHO_ITS_SAPSTRATPD_APR_HIGHLY_CONFIDENTIAL,0,,Minamas Head Office,Approver — Highly Confidential cleared; Delete pending files; Delete approved documents; Share approved documents; Uploader — Highly Confidential cleared; Delete pending files — Highly Confidential cleared; Delete approved documents — Highly Confidential cleared; Share approved documents — Highly Confidential cleared,8
MHO_LCS_COSEC_APR_HIGHLY_CONFIDENTIAL,0,,Minamas Head Office,Approver — Highly Confidential cleared; Delete pending files; Delete approved documents; Share approved documents; Uploader — Highly Confidential cleared; Delete pending files — Highly Confidential cleared; Delete approved documents — Highly Confidential cleared; Share approved documents — Highly Confidential cleared,8
MHO_LCS_LEGAL_APR_HIGHLY_CONFIDENTIAL,0,,Minamas Head Office,Approver — Highly Confidential cleared; Delete pending files; Delete approved documents; Share approved documents; Uploader — Highly Confidential cleared; Delete pending files — Highly Confidential cleared; Delete approved documents — Highly Confidential cleared; Share approved documents — Highly Confidential cleared,8
MHO_PMUM_MEC_APR_HIGHLY_CONFIDENTIAL,0,,Minamas Head Office,Approver — Highly Confidential cleared; Delete pending files; Delete approved documents; Share approved documents; Uploader — Highly Confidential cleared; Delete pending files — Highly Confidential cleared; Delete approved documents — Highly Confidential cleared; Share approved documents — Highly Confidential cleared,8
MHO_PMUM_PMU_APR_HIGHLY_CONFIDENTIAL,0,,Minamas Head Office,Approver — Highly Confidential cleared; Delete pending files; Delete approved documents; Share approved documents; Uploader — Highly Confidential cleared; Delete pending files — Highly Confidential cleared; Delete approved documents — Highly Confidential cleared; Share approved documents — Highly Confidential cleared,8
MHO_PNE_ENGINEERING_APR_HIGHLY_CONFIDENTIAL,0,,Minamas Head Office,Approver — Highly Confidential cleared; Delete pending files; Delete approved documents; Share approved documents; Uploader — Highly Confidential cleared; Delete pending files — Highly Confidential cleared; Delete approved documents — Highly Confidential cleared; Share approved documents — Highly Confidential cleared,8
MHO_PNE_PROD_OPS_APR_HIGHLY_CONFIDENTIAL,0,,Minamas Head Office,Approver — Highly Confidential cleared; Delete pending files; Delete approved documents; Share approved documents; Uploader — Highly Confidential cleared; Delete pending files — Highly Confidential cleared; Delete approved documents — Highly Confidential cleared; Share approved documents — Highly Confidential cleared,8
MHO_POP_ER_APR_HIGHLY_CONFIDENTIAL,0,,Minamas Head Office,Approver — Highly Confidential cleared; Delete pending files; Delete approved documents; Share approved documents; Uploader — Highly Confidential cleared; Delete pending files — Highly Confidential cleared; Delete approved documents — Highly Confidential cleared; Share approved documents — Highly Confidential cleared,8
MHO_POP_MILLR_APR_HIGHLY_CONFIDENTIAL,0,,Minamas Head Office,Approver — Highly Confidential cleared; Delete pending files; Delete approved documents; Share approved documents; Uploader — Highly Confidential cleared; Delete pending files — Highly Confidential cleared; Delete approved documents — Highly Confidential cleared; Share approved documents — Highly Confidential cleared,8
MHO_POP_MR_APR_HIGHLY_CONFIDENTIAL,0,,Minamas Head Office,Approver — Highly Confidential cleared; Delete pending files; Delete approved documents; Share approved documents; Uploader — Highly Confidential cleared; Delete pending files — Highly Confidential cleared; Delete approved documents — Highly Confidential cleared; Share approved documents — Highly Confidential cleared,8
MHO_POP_TFO_APR_HIGHLY_CONFIDENTIAL,0,,Minamas Head Office,Approver — Highly Confidential cleared; Delete pending files; Delete approved documents; Share approved documents; Uploader — Highly Confidential cleared; Delete pending files — Highly Confidential cleared; Delete approved documents — Highly Confidential cleared; Share approved documents — Highly Confidential cleared,8
MHO_SC_LOGS_APR_HIGHLY_CONFIDENTIAL,0,,Minamas Head Office,Approver — Highly Confidential cleared; Delete pending files; Delete approved documents; Share approved documents; Uploader — Highly Confidential cleared; Delete pending files — Highly Confidential cleared; Delete approved documents — Highly Confidential cleared; Share approved documents — Highly Confidential cleared,8
MHO_SC_PROC_APR_HIGHLY_CONFIDENTIAL,0,,Minamas Head Office,Approver — Highly Confidential cleared; Delete pending files; Delete approved documents; Share approved documents; Uploader — Highly Confidential cleared; Delete pending files — Highly Confidential cleared; Delete approved documents — Highly Confidential cleared; Share approved documents — Highly Confidential cleared,8
MHO_SUS_ESG_APR_HIGHLY_CONFIDENTIAL,0,,Minamas Head Office,Approver — Highly Confidential cleared; Delete pending files; Delete approved documents; Share approved documents; Uploader — Highly Confidential cleared; Delete pending files — Highly Confidential cleared; Delete approved documents — Highly Confidential cleared; Share approved documents — Highly Confidential cleared,8
MHO_SUS_HMS_APR_HIGHLY_CONFIDENTIAL,0,,Minamas Head Office,Approver — Highly Confidential cleared; Delete pending files; Delete approved documents; Share approved documents; Uploader — Highly Confidential cleared; Delete pending files — Highly Confidential cleared; Delete approved documents — Highly Confidential cleared; Share approved documents — Highly Confidential cleared,8
MHO_SUS_HSE_APR_HIGHLY_CONFIDENTIAL,0,,Minamas Head Office,Approver — Highly Confidential cleared; Delete pending files; Delete approved documents; Share approved documents; Uploader — Highly Confidential cleared; Delete pending files — Highly Confidential cleared; Delete approved documents — Highly Confidential cleared; Share approved documents — Highly Confidential cleared,8
MHO_SUS_QM_APR_HIGHLY_CONFIDENTIAL,0,,Minamas Head Office,Approver — Highly Confidential cleared; Delete pending files; Delete approved documents; Share approved documents; Uploader — Highly Confidential cleared; Delete pending files — Highly Confidential cleared; Delete approved documents — Highly Confidential cleared; Share approved documents — Highly Confidential cleared,8
MHO_TAX_TAX_APR_HIGHLY_CONFIDENTIAL,0,,Minamas Head Office,Approver — Highly Confidential cleared; Delete pending files; Delete approved documents; Share approved documents; Uploader — Highly Confidential cleared; Delete pending files — Highly Confidential cleared; Delete approved documents — Highly Confidential cleared; Share approved documents — Highly Confidential cleared,8
MHO_TREAS_AP_APR_HIGHLY_CONFIDENTIAL,0,,Minamas Head Office,Approver — Highly Confidential cleared; Delete pending files; Delete approved documents; Share approved documents; Uploader — Highly Confidential cleared; Delete pending files — Highly Confidential cleared; Delete approved documents — Highly Confidential cleared; Share approved documents — Highly Confidential cleared,8
MHO_TREAS_FO_APR_HIGHLY_CONFIDENTIAL,0,,Minamas Head Office,Approver — Highly Confidential cleared; Delete pending files; Delete approved documents; Share approved documents; Uploader — Highly Confidential cleared; Delete pending files — Highly Confidential cleared; Delete approved documents — Highly Confidential cleared; Share approved documents — Highly Confidential cleared,8
MHO_TREAS_INSURM_APR_HIGHLY_CONFIDENTIAL,0,,Minamas Head Office,Approver — Highly Confidential cleared; Delete pending files; Delete approved documents; Share approved documents; Uploader — Highly Confidential cleared; Delete pending files — Highly Confidential cleared; Delete approved documents — Highly Confidential cleared; Share approved documents — Highly Confidential cleared,8
MHO_TREAS_PAYMENT_APR_HIGHLY_CONFIDENTIAL,0,,Minamas Head Office,Approver — Highly Confidential cleared; Delete pending files; Delete approved documents; Share approved documents; Uploader — Highly Confidential cleared; Delete pending files — Highly Confidential cleared; Delete approved documents — Highly Confidential cleared; Share approved documents — Highly Confidential cleared,8
MHO_UPPROD_UPPROD_APR_HIGHLY_CONFIDENTIAL,0,,Minamas Head Office,Approver — Highly Confidential cleared; Delete pending files; Delete approved documents; Share approved documents; Uploader — Highly Confidential cleared; Delete pending files — Highly Confidential cleared; Delete approved documents — Highly Confidential cleared; Share approved documents — Highly Confidential cleared,8
MHO_VCVT_VCVT_APR_HIGHLY_CONFIDENTIAL,0,,Minamas Head Office,Approver — Highly Confidential cleared; Delete pending files; Delete approved documents; Share approved documents; Uploader — Highly Confidential cleared; Delete pending files — Highly Confidential cleared; Delete approved documents — Highly Confidential cleared; Share approved documents — Highly Confidential cleared,8
NBPOLHO_CDS_UPSUPPORT_APR_HIGHLY_CONFIDENTIAL,0,,NBPOL Head Office,Approver — Highly Confidential cleared; Delete pending files; Delete approved documents; Share approved documents; Uploader — Highly Confidential cleared; Delete pending files — Highly Confidential cleared; Delete approved documents — Highly Confidential cleared; Share approved documents — Highly Confidential cleared,8
NBPOLHO_EMS_ES_APR_HIGHLY_CONFIDENTIAL,0,,NBPOL Head Office,Approver — Highly Confidential cleared; Delete pending files; Delete approved documents; Share approved documents; Uploader — Highly Confidential cleared; Delete pending files — Highly Confidential cleared; Delete approved documents — Highly Confidential cleared; Share approved documents — Highly Confidential cleared,8
NBPOLHO_FIN_REPORTING_APR_HIGHLY_CONFIDENTIAL,0,,NBPOL Head Office,Approver — Highly Confidential cleared; Delete pending files; Delete approved documents; Share approved documents; Uploader — Highly Confidential cleared; Delete pending files — Highly Confidential cleared; Delete approved documents — Highly Confidential cleared; Share approved documents — Highly Confidential cleared,8
NBPOLHO_FIN_TAX_APR_HIGHLY_CONFIDENTIAL,0,,NBPOL Head Office,Approver — Highly Confidential cleared; Delete pending files; Delete approved documents; Share approved documents; Uploader — Highly Confidential cleared; Delete pending files — Highly Confidential cleared; Delete approved documents — Highly Confidential cleared; Share approved documents — Highly Confidential cleared,8
NBPOLHO_GCA_GCA_APR_HIGHLY_CONFIDENTIAL,0,,NBPOL Head Office,Approver — Highly Confidential cleared; Delete pending files; Delete approved documents; Share approved documents; Uploader — Highly Confidential cleared; Delete pending files — Highly Confidential cleared; Delete approved documents — Highly Confidential cleared; Share approved documents — Highly Confidential cleared,8
NBPOLHO_HR_HRMIS_APR_HIGHLY_CONFIDENTIAL,0,,NBPOL Head Office,Approver — Highly Confidential cleared; Delete pending files; Delete approved documents; Share approved documents; Uploader — Highly Confidential cleared; Delete pending files — Highly Confidential cleared; Delete approved documents — Highly Confidential cleared; Share approved documents — Highly Confidential cleared,8
NBPOLHO_HR_HROPS_APR_HIGHLY_CONFIDENTIAL,0,,NBPOL Head Office,Approver — Highly Confidential cleared; Delete pending files; Delete approved documents; Share approved documents; Uploader — Highly Confidential cleared; Delete pending files — Highly Confidential cleared; Delete approved documents — Highly Confidential cleared; Share approved documents — Highly Confidential cleared,8
NBPOLHO_HR_MA_APR_HIGHLY_CONFIDENTIAL,0,,NBPOL Head Office,Approver — Highly Confidential cleared; Delete pending files; Delete approved documents; Share approved documents; Uploader — Highly Confidential cleared; Delete pending files — Highly Confidential cleared; Delete approved documents — Highly Confidential cleared; Share approved documents — Highly Confidential cleared,8
NBPOLHO_HR_ST_APR_HIGHLY_CONFIDENTIAL,0,,NBPOL Head Office,Approver — Highly Confidential cleared; Delete pending files; Delete approved documents; Share approved documents; Uploader — Highly Confidential cleared; Delete pending files — Highly Confidential cleared; Delete approved documents — Highly Confidential cleared; Share approved documents — Highly Confidential cleared,8
NBPOLHO_HR_TRAVEL_APR_HIGHLY_CONFIDENTIAL,0,,NBPOL Head Office,Approver — Highly Confidential cleared; Delete pending files; Delete approved documents; Share approved documents; Uploader — Highly Confidential cleared; Delete pending files — Highly Confidential cleared; Delete approved documents — Highly Confidential cleared; Share approved documents — Highly Confidential cleared,8
NBPOLHO_IT_IT_AD_APR_HIGHLY_CONFIDENTIAL,0,,NBPOL Head Office,Approver — Highly Confidential cleared; Delete pending files; Delete approved documents; Share approved documents; Uploader — Highly Confidential cleared; Delete pending files — Highly Confidential cleared; Delete approved documents — Highly Confidential cleared; Share approved documents — Highly Confidential cleared,8
NBPOLHO_IT_IT_SAP_APR_HIGHLY_CONFIDENTIAL,0,,NBPOL Head Office,Approver — Highly Confidential cleared; Delete pending files; Delete approved documents; Share approved documents; Uploader — Highly Confidential cleared; Delete pending files — Highly Confidential cleared; Delete approved documents — Highly Confidential cleared; Share approved documents — Highly Confidential cleared,8
NBPOLHO_Land_LM_APR_HIGHLY_CONFIDENTIAL,0,,NBPOL Head Office,Approver — Highly Confidential cleared; Delete pending files; Delete approved documents; Share approved documents; Uploader — Highly Confidential cleared; Delete pending files — Highly Confidential cleared; Delete approved documents — Highly Confidential cleared; Share approved documents — Highly Confidential cleared,8
NBPOLHO_Land_SURVEYING_APR_HIGHLY_CONFIDENTIAL,0,,NBPOL Head Office,Approver — Highly Confidential cleared; Delete pending files; Delete approved documents; Share approved documents; Uploader — Highly Confidential cleared; Delete pending files — Highly Confidential cleared; Delete approved documents — Highly Confidential cleared; Share approved documents — Highly Confidential cleared,8
NBPOLHO_LGL_LGL_APR_HIGHLY_CONFIDENTIAL,0,,NBPOL Head Office,Approver — Highly Confidential cleared; Delete pending files; Delete approved documents; Share approved documents; Uploader — Highly Confidential cleared; Delete pending files — Highly Confidential cleared; Delete approved documents — Highly Confidential cleared; Share approved documents — Highly Confidential cleared,8
NBPOLHO_PMU_PMU_APR_HIGHLY_CONFIDENTIAL,0,,NBPOL Head Office,Approver — Highly Confidential cleared; Delete pending files; Delete approved documents; Share approved documents; Uploader — Highly Confidential cleared; Delete pending files — Highly Confidential cleared; Delete approved documents — Highly Confidential cleared; Share approved documents — Highly Confidential cleared,8
NBPOLHO_PROC_CO_APR_HIGHLY_CONFIDENTIAL,0,,NBPOL Head Office,Approver — Highly Confidential cleared; Delete pending files; Delete approved documents; Share approved documents; Uploader — Highly Confidential cleared; Delete pending files — Highly Confidential cleared; Delete approved documents — Highly Confidential cleared; Share approved documents — Highly Confidential cleared,8
NBPOLHO_SUS_CERT_APR_HIGHLY_CONFIDENTIAL,0,,NBPOL Head Office,Approver — Highly Confidential cleared; Delete pending files; Delete approved documents; Share approved documents; Uploader — Highly Confidential cleared; Delete pending files — Highly Confidential cleared; Delete approved documents — Highly Confidential cleared; Share approved documents — Highly Confidential cleared,8
NBPOLHO_SUS_ESH_APR_HIGHLY_CONFIDENTIAL,0,,NBPOL Head Office,Approver — Highly Confidential cleared; Delete pending files; Delete approved documents; Share approved documents; Uploader — Highly Confidential cleared; Delete pending files — Highly Confidential cleared; Delete approved documents — Highly Confidential cleared; Share approved documents — Highly Confidential cleared,8
NBPOLHO_TF_TF_APR_HIGHLY_CONFIDENTIAL,0,,NBPOL Head Office,Approver — Highly Confidential cleared; Delete pending files; Delete approved documents; Share approved documents; Uploader — Highly Confidential cleared; Delete pending files — Highly Confidential cleared; Delete approved documents — Highly Confidential cleared; Share approved documents — Highly Confidential cleared,8