"Title","TermGuid","Abbreviation","Level"
"Group Corporate Affairs","fdafa271-f725-43e0-b227-b646cfd05f5d","GCA","Department"
"Elaeis Garden (Hospitality)","a9d818bd-a4af-4cf5-afe3-eb3a21edb74c","EG","Unit"
"Group Communications - Brand Communications","0c3407d9-4cc3-4906-bf05-656dc1dd6b56","GC_BRANDCOMMS","Unit"
"Group Communications - Strategic Communications","cd5880c7-22bd-47b3-8239-4245c88ac27c","GC_STRATCOMMS","Unit"
"Group Operation Services - Agri Sumber Prestari","de83eeeb-67bd-4301-8786-5765dbebb974","GOS_ASP","Unit"
"Group Operation Services - Chairman Office","23b464ee-0ff5-4071-8562-c79c7c85184b","GOS_CO","Unit"
"Group Operation Services - Government Relations","e31dc16c-9015-4e46-9cff-3634a65695ad","GOS_GOVTREL","Unit"
"Group Operation Services - Workforce Management Unit","4a0f86bc-5366-4938-b992-87ae73497ecc","GOS_WMU","Unit"
"Investor Relations","92419c55-ae4e-4386-b4ac-3a85b70af1fe","IR","Unit"
"Yayasan Guthrie","1bc57f44-20c1-41d3-9b22-e77b4d0f95fa","YG","Unit"
"Group Corporate Secretarial","5dc068f6-a066-48cc-b7e4-d25a7c376441","COSEC","Department"
"Guthrie","4efcca89-75ad-49e2-8269-b180d967f232","GUTHRIE","Unit"
"SDGI","54fa664e-4393-4e83-8bb0-bc77257305a3","SDGI","Unit"
"Group Finance","9aef23bf-62a9-4ff9-aaad-d02fc90e5eaf","GF","Department"
"Finance Operations","885d325f-fda7-4d84-bbe6-d4357422ab6d","FINOPS","Unit"
"Finance Upstream Malaysia","d2cf2619-8463-46d9-8a96-284b2abe18f6","FINUPMY","Unit"
"Global Strategic Procurement","f5ee776c-500e-4f69-a4ea-01666223749a","GSTRATPROC","Unit"
"Tax","5aae2799-035d-4548-85bb-0d999e9fd1b2","TAX","Unit"
"Treasury","81388291-3695-4136-a610-0fad82c31290","TREASURY","Unit"
"Group Human Resources","11297d0b-56f6-4635-943c-160775e39d1f","GHR","Department"
"Group Sustainability","418d51df-183c-481f-a80e-d4c71ce46de6","GS","Department"
"Global HSE","0bea9185-1d9d-4457-803a-0d07494f98ae","GLOBALHSE","Unit"
"Sustainability Compliance","8817a737-bee2-4c1a-b920-b7f740121c4b","SC","Unit"
"Sustainability Head Office","50b81bb0-bcc8-40b2-ba77-6099e8291d81","SUS_HO","Unit"
"Traceability","52099463-e8cf-4c63-809f-a2e60e5c1fa4","TRACEABILITY","Unit"
"President's Office","c76a5886-8b72-4271-9f34-4cd1f9f808f6","PO","Department"
"Strategic Planning","04733ac7-8c7c-4ab3-8c51-8e4e3ed1f229","SP","Unit"
"Strategy Partner Downstream","806ff773-1c1a-4537-a539-64e1625fd6e9","SPDNSTRM","Unit"
"CEO Office Administration","d1ad04dc-ed4a-45d1-b028-f56feca12786","CEOOA","Department"
"Expatriate Formalities","bea51895-a2c4-49e9-bdff-326afa9cc0ad","EXPATF","Unit"
"Corporate Communication","0f121fdd-16d0-463f-9792-dfaa4f387ae4","CORPCOMM","Department"
"Corporate Services","9438e1b7-c703-46b0-a047-d73f4866566a","CS","Department"
"Government Relations","eece0acf-7027-404b-997c-2a49a6a9d85d","GOVTREL","Unit"
"Land Regulation","b4609380-f5a1-4743-b81e-e593c02a2172","LANDREL","Unit"
"Minority Shareholder Relation","d9da42d9-46da-49d3-9635-d08d8aa037ce","MSR","Unit"
"Partnership Development","cf6f0615-f836-490b-8edf-b1002fe1a757","PARTDEV","Unit"
"General Accounting","472aa3be-aeba-428c-9c1e-28112ccad374","GA","Department"
"Asset Management","48db4920-36db-4d17-9fd1-ee359422ed65","AM","Unit"
"General Ledger","25139605-5851-4b85-bcc0-009b5680e6a0","GL","Unit"
"Tax Compliance","7a0f0f1e-58bf-466b-89a8-1c43f60d0c88","TAX","Unit"
"Group Compliance","70ba4f7d-35e2-469e-93dc-1ac4fabf483b","GCO","Department"
"Group Compliance","c718104b-cefa-4974-9bc7-0945ad1aabb5","GCO","Unit"
"Group Corporate Assurance","7f79e93c-67be-48c7-b26c-5112459e9859","GCA","Department"
"Practice Management","0073f304-c377-46e0-9f72-8b49d77951b9","PM","Unit"
"Human Resource Management","45a8fe0f-ba44-428a-b65d-6438a15eee5b","HRM","Department"
"HR Business Partner and Industrial Relations","653bb00c-712f-4f11-9d9f-75e75b25da99","HRBP_IR","Unit"
"HR Rewards, Services, and Performance","307b1366-e47f-4e05-b8d4-85328272e8bc","HRRSP","Unit"
"Organisation Development and Talent Management","7258d52d-3726-4c8f-8da5-2c1d9c254f98","ODTM","Unit"
"Information Technology Services","3c353826-6257-4a15-beaf-1e2e2be52b8b","ITS","Department"
"Plantation Operation","9a84aeb8-1411-47da-826e-f5dd492133b3","POP","Department"
"Estate Report","e75b5231-1bde-4356-a321-f96f951f5b25","ER","Unit"
"Management Report","ddfdfdeb-c17f-4995-9bed-e38ad50df1b0","MR","Unit"
"Mill Report","b3c11e79-d01f-42af-86d9-4d42dff4b289","MILLR","Unit"
"Task Force Operation","3c3aa229-4652-486e-8712-4ac98820105c","TFO","Unit"
"Risk Management","9581600b-9c0d-4368-a765-842533a35635","GRM","Department"
"Risk Management","8f6a1547-534c-4ec7-846a-f0a81d895801","GRM","Unit"
"Supply Chain","dcebf09e-45d5-4f26-94df-a0132655db77","SC","Department"
"Logistics","12eddf2a-1e79-4ff0-8755-fe85042acec5","LOGS","Unit"
"Procurement","ebbe341e-cba9-4133-9e0b-5095d12a166b","PROC","Unit"
"Sustainability","77e22ddb-60be-4c8f-8d92-60e1ec09be38","SUS","Department"
"Health, Safety, and Environment","8989a99d-eeab-4552-b2ff-5e194e0f8069","HSE","Unit"
"Taxation","6e22207c-4934-484f-b88d-e0979a4e14f3","TAX","Department"
"Taxation","66895f47-52ef-4204-8f24-b173187707c6","TAX","Unit"
"Treasury","d18163cb-3545-41a0-9fd3-118afdc9f4c3","TREAS","Department"
"Account Payable","f24971be-ff8a-4cec-9096-f90929af0652","AC","Unit"
"Funding Operations","f1e435f7-e916-4791-b002-679854b112b7","FO","Unit"
"Insurance Management","bfd570ff-2d10-44fa-8476-e8567ad70ba7","INSURM","Unit"
"Payment","75760094-5fa5-4602-ba29-f0dcad69ae0f","PAYMENT","Unit"
"Upstream Productivity","a4eb3cc9-605d-454b-8ae3-3ebf9cad8052","UPPROD","Department"
"Upstream Productivity","8996a363-fa87-4f7b-a24d-a5306152b194","UPPROD","Unit"
"Value Creation / Value Transformation","6cdee125-fe92-4c58-8a71-5bfefd6873da","VCVT","Department"
"Value Creation / Value Transformation","ecd5fc18-9809-4641-af8a-41f2990474df","VCVT","Unit"
"Chief Operating Officer's Office","33ec171e-2e3a-4b33-9fee-d9eff1fb2d0d","COO","Department"
"Chief Operating Officer's Office","6bda31e0-20b3-42ec-9cd1-b4e4acb15f6f","COO","Unit"
"Commercial","d065bb05-91e5-4f11-8ae8-38570e6b65e8","COMMERCIAL","Department"
"Commercial","d9cb6423-2e80-49dc-942a-a0835355ac0a","COMMERCIAL","Unit"
"Finance","bff57ff3-5083-437e-88cc-fe505d6a7078","FIN","Department"
"Finance Reporting","5f718774-e1ef-4414-8bf3-d2dc63fc2080","REPORTING","Unit"
"Global Marketing ＆ Branding - Product Marketing B2C","6edfe836-2306-49a4-b334-58eaead43265","GMB_PMB2C","Unit"
"Global Marketing ＆ Branding - Strategic ＆ Customer Marketing","09cf74b9-8634-4354-bad8-8311f030cd8e","GMB_SCM","Unit"
"Global Marketing ＆ Branding - Strategic Communications","4e09efdc-3c6f-4aa9-800d-4bb20a856237","GMB_STRATCOMMS","Unit"
"Group Communications - Events ＆ Protocol","529e0805-62a4-4cf3-a59e-9b672bbc6a83","GC_EP","Unit"
"Compliance ＆ Operational Risk (CORU)","3be3e50c-b90a-4187-9915-85f4a5f1eb49","CORU","Unit"
"Finance Land ＆ SDGRE","59304874-9923-4db0-8450-f9fa41579e23","LAND_SDGRE","Unit"
"Group IT ＆ Projects","f88bf189-b0bd-4945-830d-d24bb8b3f052","GIT","Unit"
"Strategy ＆ Price Risk Management","481308e8-1dbb-4c1e-8227-e9d2efca7448","STRAT_PRM","Unit"
"HR Head Office ＆ Org Design - HR Head Office (HR HO)","cdf230f1-590c-4a10-a944-784f1dca34cc","HRHO","Unit"
"HR Head Office ＆ Org Design - Org Design","86891401-76d2-456c-a74f-aa844ef58010","HROD","Unit"
"Industrial Relations ＆ Compliance","fc61a7ac-db4d-4b5a-9b1e-b78a86a83ef7","IRC","Unit"
"Org Culture ＆ Workplace Services - Admin ＆ Sports","8e6c55ca-14f9-46cb-b04b-0d99d15e7f2b","OCWS_ANS","Unit"
"Org Culture ＆ Workplace Services - Integrated Facilities Management (IFM)","bbeb723a-650c-4bd3-bbf5-e46175689d74","OCWS_IFM","Unit"
"Org Culture ＆ Workplace Services - Org Culture ＆ Transformation (OCT)","71f2afb2-d35f-4ade-8b73-174f13720373","OCWS_OCT","Unit"
"Performance ＆ Analytics - Analytics","0d1c0e83-b3b7-43a4-93af-d877365e4d9d","ANALYTICS","Unit"
"Performance ＆ Analytics - Performance","0a345d15-e984-4bc9-865c-10528fe4b73b","PERFORMANCE","Unit"
"Rewards ＆ HRIS - GHR Payroll","21e017d1-d200-4c61-bb5a-8d1e9cefd554","PAYROLL","Unit"
"Rewards ＆ HRIS - Nadi HRIS","d92a35bf-d119-4711-8361-58ae66636b5d","NHRIS","Unit"
"Rewards ＆ HRIS - Rewards","ba0c2e1f-d13e-4391-a573-2082837610d9","REWARDS","Unit"
"Talent ＆ Learning - GH Campus","2ee9d55d-f540-4bf0-8dfb-844da70120d2","GHC","Unit"
"Talent ＆ Learning - Learning ＆ Development (L＆D)","73837fde-242a-4e2d-8c04-a1d14b6e3d3f","LND","Unit"
"Talent ＆ Learning - Talent Acquisition (TA)","5f4730e7-45a2-4cdf-b27d-7e5142ad0fc6","TA","Unit"
"Talent ＆ Learning - Talent Management (TM)","629ba6fc-9f82-4997-a02f-4e48a3cdb531","TM","Unit"
"Talent ＆ Learning - Talent Strategy (TS)","4c1860eb-0149-481e-ab03-fe017169c96f","TALENTSTRAT","Unit"
"Talent ＆ Learning - The Crest","1e9eb18e-b95e-4e06-be4b-e856f97c81c6","THECREST","Unit"
"Group Integrity, Governance ＆ Assurance","bbba2bce-489b-46ff-bc8f-309c852e644a","GIGA","Department"
"GCA IT ＆ Analytics","a3429e0c-6cb0-4b39-998c-a107ea767802","GCAIT_ANALYTICS","Unit"
"GCA SDGI","0f4807e0-bbce-4086-ae52-7c56e428e20f","GCA_SDGI","Unit"
"GCA UPMY, R＆D ＆ HO","87b0470c-2aa4-430a-852b-ef7dc5d4995d","GCA_UPMY_RDHO","Unit"
"Group Fraud ＆ Corruption Risk Mgmt (GFCRM)","93aaa8f5-58ac-41a2-8a11-f6debfb131b1","GRCRM","Unit"
"Group Integrity ＆ Governance Unit (GIG)","3cf18551-9106-42e6-bf86-4d74f53e1117","GIG","Unit"
"Practice Management (PM)","736fe570-ad5e-4cc7-854c-970cc3ed5600","PM","Unit"
"Group Legal, Risk ＆ Compliance","5a2b87b5-b7da-4a9f-a376-9653f5ff92c9","GLRC","Department"
"Group Compliance (GCO)","b326a775-6c4c-43ab-9e73-c871b37be538","GCO","Unit"
"Group Legal","c48cea81-799b-4869-aafc-f51e4d49bb76","LEGAL","Unit"
"Group Risk","2dd5def1-7549-4731-aacf-3a33f6a219fc","RISK","Unit"
"Climate Change ＆ Reporting","d83512d1-36ac-4ae1-a14c-61bca5cebbaa","CLIMATE_CR","Unit"
"Conservation ＆ Biodiversity","922dd356-c42c-4a42-b463-a5f8fe02d003","CNB","Unit"
"Strategic Governance ＆ Communications","e59f3f8c-e5ac-4960-9177-48d258093eba","STRATGOV_COMMS","Unit"
"Strategy Partner Malaysia ＆ Indonesia","512722c1-4171-4bc1-a143-13befe34ad82","SP_MY_ID","Unit"
"Strategy Partner Midstream ＆ Investments","4032dd50-2a99-4317-b1c2-c5e1e513d19d","SPMID_INVT","Unit"
"Strategy Partner PNG ＆ SI","fdf73198-dbba-4cc2-9879-1774cb7b80a9","SP_PNGSI","Unit"
"General Administration ＆ Building Management","618fc31a-7d58-4fa5-8905-65703c4b7b05","GABM","Unit"
"Corporate Social Responsibility ＆ Operations Comms","daaf5272-f0ac-4e49-b9e1-a36bfa6b9077","CSR_OPSCOMMS","Unit"
"Internal ＆ External Comms","44a6164a-2f8f-4e04-a5e1-6f69c0c935a3","INEXCOMMS","Unit"
"Licensing ＆ Operation Security","d34a7733-94a7-4b08-a3df-395f4bbb335e","LOS","Unit"
"Holding ＆ Consolidation","52353e87-cf74-485f-a1ab-ac9b2ff5deac","HCONSOL","Unit"
"Data Intelligence ＆ Investigations","4ca8db1e-ec6e-4ddb-9844-359f3a814901","DIINVESTN","Unit"
"Estate ＆ Other Operations","2a0c063f-93d6-4cf4-844a-884d839cdc3e","EOOPS","Unit"
"Project ＆ Mill Operations","aadce05c-6fe3-4b80-9339-19f3d9746741","PMOPS","Unit"
"Group Integrity ＆ Governance","55bd9d4c-64d3-42fb-b20c-cb3d73940273","GIG","Department"
"Group Integrity ＆ Governance","701bec52-a377-4949-9ffe-2c7e76b26344","GIG","Unit"
"Business Application ＆ Development","7c570c95-c8e7-42cf-ac46-14f1280ae025","BADEV","Unit"
"Infrastructure ＆ IT Security","cac96996-a410-4054-8e52-4b0b4898d0d7","INFRA_ITS","Unit"
"SAP Strategic Project ＆ Data","4ddf7aec-68c1-49a8-999b-e99f806c21d4","SAPSTRATPD","Unit"
"Legal ＆ Corporate Secretary","89cb9b68-9295-4a42-af92-a4d8d2fbbce8","LCS","Department"
"Corporate Secretary","ccdeea0a-dc51-4a42-a913-76a52295c49b","COSEC","Unit"
"Legal","5ea19f24-f185-4a3d-9967-137e537c0691","LEGAL","Unit"
"Performance Monitoring Unit ＆ Mechanisation","4b9d9467-b8d5-4da3-880c-8122bf3e4ef9","PMUM","Department"
"Mechanisation","60d1262e-a21c-43f9-b0f7-c0d3a8325465","MEC","Unit"
"Performance Monitoring Unit","cc16c2fd-8d79-43bb-83be-513641167415","PMU","Unit"
"Production ＆ Engineering","10d248e9-8d7f-4c71-b448-6e1ac86892ed","PNE","Department"
"Engineering","dbf99036-0b16-48d4-abef-7e407885a6d2","ENGINEERING","Unit"
"Production ＆ Operation","4be0a7ed-5546-4230-82e1-f66a274edb8b","OPS","Unit"
"Environment, Social ＆ Governance","7cbdbf4f-a4fe-4018-86d1-bc63bc625ad5","ESG","Unit"
"Health ＆ Medical Services","9063210a-e5bd-4c1b-beb6-f93ed267cd78","HMS","Unit"
"Sustainability Compliance ＆ Quality Management","cf9e6b80-0d9b-4ecd-9d8e-69511e629bbf","QM","Unit"
"Corporate Development ＆ Services","5cb0ea7f-1a3a-4a0f-a417-3d924a1c0a3b","CDS","Department"
"Upstream Support","a9f4408f-f172-4332-bf1d-05d23493a01e","UPSUPPORT","Unit"
"Engineering ＆ Mill Services","ea8b5ed6-4ff8-4826-bcbe-802b3f3dcc0e","EMS","Department"
"Engineering Services","2d823e3e-a4be-4a90-9e87-a160495fd95a","ES","Unit"
"Tax","992c9bf8-6fc8-4d97-876f-311fcc515d88","TAX","Unit"
"Group Corporate Assurance","b5292bd5-8792-4254-ba3f-85f6a787ee8d","GCA","Department"
"Group Corporate Assurance","8176c481-2cae-4145-95a7-22711a649fce","GCA","Unit"
"Human Resources","e3691d38-eba3-4cd7-a7d0-01f6d3ea039f","HR","Department"
"HR Operations","37b3cebe-be2a-41a9-955f-5acdc991e9d5","OPS","Unit"
"HR Strategy ＆ Talent","19ddbf42-b553-4753-b051-a032954bfea0","STRATTALENT","Unit"
"HRMIS","be8a67e2-5617-4e97-9474-3033c54d1a72","HRMIS","Unit"
"Management Academy","71e5f7aa-0a5b-4f87-9af4-7564ed3a7fee","MGMTACAD","Unit"
"Travel","b83c3298-889d-4b7d-86c4-4b894a99fac2","TRAVEL","Unit"
"Information Technology","3efdb5cc-0245-4ecc-9928-0ebcd2f5b3fb","IT","Department"
"NBPOL IT Application Development","541617b5-6e98-48bf-8bd3-1b3ec9c0ff4b","APPDEV","Unit"
"NBPOL IT SAP Support","931ebfcb-c973-49cc-84e9-688e85f77e8c","SAP","Unit"
"Land Department","f5b8041f-9f8d-4f7c-8e61-4747ec547c07","LAND","Department"
"Land Management","cb3df23a-1ef3-488f-8ebf-f724932c15f1","LM","Unit"
"Surveying","7f9fb263-9479-46c5-a8d1-37ee27ceb651","SURVEYING","Unit"
"Legal","41098e9d-1cd2-4891-9176-a5681facbbfe","LEGAL","Department"
"Legal","f4f4a6b9-05a1-4b54-9c6c-24624b409f6a","LEGAL","Unit"
"NBPOL Procurement","8ac66d98-e50f-4670-9344-942e9faf29ce","PROC","Department"
"Corporate Office","030719ca-ca2a-4013-bb3b-614e227ff170","CO","Unit"
"Performance Management Unit","721690da-974c-4951-8db2-cef7257410d3","PMU","Department"
"Standard Crop Recovery Assessment","5b11d217-1595-4a17-9f1d-ab5186f816e8","SCRA","Unit"
"Sustainability","2cc3c025-5c8d-49af-8b86-fd5da046a330","SUS","Department"
"Certification","ef809668-3eae-49f0-97d1-6eebd35aaadd","CERT","Unit"
"Environment, Safety ＆ Health","5f51eb22-943d-41f9-a65a-b1bebf8a73f4","ESH","Unit"
"Transformation","e2366d31-7e18-4722-85c0-5397b8d1aa42","TRANSFORM","Department"
"Transformation","2f4efd21-cf1c-4503-90ef-df1c7a91b5ed","TRANSFORM","Unit"
